maker;model;anno;targa
Dodge;Ram Van 2500;2002;RRX6O6ID
Toyota;Tacoma;1997;BL8KG7O5
Audi;A4;2012;4MIDW5ST
Pontiac;Grand Prix;2004;8A16IUHF
Hyundai;Elantra;2003;MZEP94M3
Subaru;Alcyone SVX;1996;8MASM6R5
Lexus;IS;2011;U1T0V77N
Porsche;Carrera GT;2004;GG84VHQU
Chrysler;PT Cruiser;2004;8LA42HYU
Hyundai;Santa Fe;2012;TC2YMXVP
Chevrolet;Suburban 2500;2003;TD7O17L6
Cadillac;Eldorado;2001;K8T16E1I
Mercedes-Benz;SL-Class;1990;9MVHW2MY
Maserati;430;1989;FRIH2CH8
Acura;RL;2003;9LDTV8DY
Infiniti;I;2000;YJ9FVQ1N
Dodge;Ram 2500;2003;2PHJEIIV
Honda;Civic;2004;8CR0M6WV
Ford;Explorer Sport;2000;G4TQ09NK
Pontiac;Bonneville;1997;JBWI4VBB
Subaru;SVX;1997;C62E8A16
BMW;760;2005;IJOL8AR8
Hyundai;Santa Fe;2011;BSB5R0XZ
Chevrolet;Corvette;1984;EA7GNIN2
GMC;Safari;2003;IJVN3MU9
Chevrolet;Silverado 3500;2001;50AQJ682
Chevrolet;Suburban 1500;2000;MA7I3YRK
BMW;Z4 M;2009;M8UWJ6ZA
Kia;Sportage;2010;SN2YHQYO
Ford;Taurus;2006;EHQ51OHU
Suzuki;Daewoo Magnus;2005;HI784A1K
Ferrari;F430;2008;H01WPFMN
Kia;Optima;2010;9ESW3FX6
Honda;Accord;1986;TK5NFXVR
Mazda;B2000;1985;34221HC9
Toyota;Sienna;2004;U1V1OFWO
Chrysler;Sebring;2001;YKJU3E6S
Audi;A5;2012;DE9R14NI
BMW;600;1959;J451VM1Z
Ford;Fusion;2007;SX4RBAMY
Pontiac;Grand Prix;1996;STSEF8XO
Land Rover;LR2;2010;PMU7YZ9H
Ford;F250;1992;BENZATKI
GMC;Sierra Denali;2006;KEAN2JTG
Hyundai;Accent;2009;281Q387G
Volkswagen;GTI;1990;AAMJJ0KU
Oldsmobile;Achieva;1995;A45NLG6H
Ford;Club Wagon;1997;DSFTECP4
Dodge;Stratus;1999;9AVSR6V8
Volkswagen;Cabriolet;1997;OY2VHYB2
Volvo;S80;2003;9PXAB3Q7
Mercedes-Benz;E-Class;2008;AJ2QY42E
Honda;del Sol;1995;ZJR2YYBI
Mercedes-Benz;300SD;1993;Y3910777
GMC;Vandura 1500;1992;J6LZ1GRU
Lincoln;Mark VIII;1997;ZWEKSRNN
Cadillac;DeVille;1995;RO791ITV
Audi;5000S;1985;KXVJCFAH
Cadillac;XLR;2008;HZW9LD3L
Chevrolet;Corvette;1963;TALGY9Q5
Hummer;H1;1996;U4CT82WT
Aston Martin;Vantage;2011;IUFGG4PN
GMC;Envoy;2009;CT7G4MMW
Audi;90;1988;JLWU96MU
Mercedes-Benz;CL-Class;2009;IWH9I63F
Lincoln;Town Car;2006;2I446HJU
Ram;3500;2012;MHCNB8KB
Ford;F-Series;1987;FP1ZVY4Q
Alfa Romeo;Spider;1994;QW2VJDF9
Toyota;Solara;2001;2JOCJ04H
Cadillac;Eldorado;2001;7C1VZNTY
Nissan;Titan;2005;HQQ9JT4A
Mercedes-Benz;500SL;1992;QYCHRH0Q
Jeep;Cherokee;1995;6XOZI9RJ
Mercury;Tracer;1988;OJQI2GK4
Land Rover;Sterling;1991;IFB5151J
Lincoln;Continental Mark VII;1988;IF47HCVF
Mercury;Sable;1987;MJO8AAAR
Toyota;MR2;2005;PZEJ7S8S
Chevrolet;Suburban 2500;2008;U21B5Y1W
Mitsubishi;Montero Sport;2001;PSQADWZY
Kia;Sportage;1995;X9XUP106
Land Rover;Range Rover;2010;B5B06H4U
Ford;Mustang;2009;99RZOOAX
GMC;Yukon;2013;6GSV3QA5
Lamborghini;Countach;1990;V226NCER
Lincoln;Continental Mark VII;1992;E0M2V0CX
Volkswagen;Passat;2001;N8KWKJNI
Toyota;Camry;2003;EBGG399A
Jeep;Patriot;2011;T52MT92L
Pontiac;Firebird;2002;IAELD9T8
Honda;Element;2005;D7P4YBMD
Acura;RL;1998;7NOLNZFO
Honda;Civic;2004;8X1WY690
Saturn;L-Series;2002;J54AY7U8
Ford;Thunderbird;1984;O406NBTP
Chevrolet;Suburban 2500;2009;05WSOD31
Mitsubishi;Montero Sport;2000;N6YM1ZD8
Nissan;Leaf;2011;E4FOQEY9
Audi;TT;2001;OS0LX1AI
Cadillac;Catera;1999;1CKV5T8N
Pontiac;Grand Prix;1986;K4T3JU2Y
Studebaker;Avanti;1961;UKXHC4NV
Saab;9-7X;2009;64NPI7NX
Dodge;Avenger;1998;C1LW7OPD
Land Rover;Freelander;2010;YUS1AUI5
Kia;Sportage;1999;TWR712H8
Chevrolet;Express 2500;1998;LILJSKOA
Audi;A6;2009;7SVUBN37
Volvo;940;1993;Z39VBRKS
Isuzu;i-350;2006;GLG5LA3V
Mitsubishi;Pajero;1990;290H56OK
Jeep;Grand Cherokee;2012;1NB1C11Z
Land Rover;Range Rover;2000;Y8FXT60M
Lotus;Elan;1993;IMARQPOU
Mazda;B-Series;1998;R15V3G4X
Chevrolet;Camaro;2010;DTAYYU34
Mazda;Tribute;2001;ZQ9811CS
Lotus;Elise;2007;R7TDRYYC
Lexus;ES;2004;UGML15S2
Audi;Quattro;1994;QHIPG56P
Maybach;57;2011;5N3QIJW1
Nissan;Xterra;2009;9B1X46ZS
Porsche;911;1995;R974HW1F
Acura;Integra;2001;GXM9O92S
Kia;Rio;2004;6O034GBF
Lamborghini;Murciélago;2006;3P9RTNS5
Nissan;Altima;1997;7HNZDOW3
Mercedes-Benz;E-Class;1986;JMEZSY3T
Cadillac;CTS;2004;352ZB97T
Honda;Ridgeline;2006;U5QKJV7J
Chevrolet;Avalanche;2008;0MG12M6C
Pontiac;Firebird;2002;1PVWLLK6
Chevrolet;Blazer;1995;V1RFPR6D
Volkswagen;GTI;1990;T4LSMWIF
Mercedes-Benz;W201;1986;EA1QS06P
Mazda;Mazdaspeed 3;2008;MM28L9CX
Plymouth;Voyager;2000;J1T1TYC5
Dodge;Journey;2009;SJ8EU06H
McLaren;MP4-12C;2012;1SQ1HO5H
Volkswagen;Quantum;1984;RPA7YHCR
Cadillac;Escalade;2000;BFPXY8R7
Ford;LTD Crown Victoria;1988;BRKZAXZW
Morgan;Aero 8;2009;K90XQEQC
Chrysler;Voyager;2002;7X8W8VZU
Lexus;GS;2005;UGN6V0BO
Ford;Taurus;1995;C8YC65S2
Ford;Bronco;1991;P88MYAFM
Chevrolet;Express 1500;2008;H5AH4DJL
Buick;Park Avenue;2005;ECA9ICI3
Chevrolet;Silverado 3500;2002;O9827X3F
Chevrolet;Express 3500;2005;VTA3FNB1
Mitsubishi;Truck;1994;9JHUD7HD
Toyota;Celica;1983;ALNR99LW
Maybach;57;2006;YK250GNB
Ford;Ranger;2011;5UM445GT
Nissan;Frontier;2011;JF93ZTK2
Nissan;350Z;2003;L2370YFS
Dodge;Ram 3500;1997;LXXXF629
Oldsmobile;Regency;1998;PPIEKZNG
BMW;7 Series;2003;OYZ3NJ7N
Volkswagen;Type 2;1988;W8JWZHI2
Land Rover;Range Rover;1987;XUUSLTNJ
Nissan;NX;1992;UZLR9H6V
Toyota;Solara;2000;F7WR1DT8
Chrysler;Town & Country;1997;U8G8GRH0
Lexus;IS;2011;EJT1N843
Buick;Skyhawk;1985;ZS3D70JY
Bentley;Brooklands;2010;W46KMBX9
Buick;Riviera;1988;E537HJGB
Subaru;Alcyone SVX;1997;NWA75NQH
Hyundai;Entourage;2007;8CI903PW
Chevrolet;Sportvan G10;1993;2CZ9J7JU
Mitsubishi;Challenger;2002;5NYNTGT9
Honda;Fit;2007;SCOBGYQ8
Jeep;Grand Cherokee;2011;4VO17X4N
Chevrolet;Corvette;1967;CDHP0X3J
Jaguar;XK Series;2005;4Q0FOK36
Honda;Accord;1991;9VVKUDH8
Infiniti;FX;2009;6FXR73LH
Kia;Soul;2010;TKHO67MI
Mazda;626;1987;F78UUWCR
Isuzu;Amigo;1994;Q9JSOPA1
Bugatti;Veyron;2009;0G1J52WG
Honda;Civic Si;2006;S99T4SKY
GMC;1500 Club Coupe;1992;D0C5ZEYO
Ford;LTD;1984;Z2HGTIPI
Chrysler;300M;2001;LY3PBSRX
Lexus;SC;1998;KZS2K1QD
Toyota;T100;1997;32RGJYLU
Acura;CL;1997;IB49EBTJ
Mazda;MX-6;1997;T557CHNV
Kia;Sportage;2005;RE0EDZ1P
Ford;Explorer Sport;2002;58FI418I
Suzuki;Equator;2012;XU2JSNF7
Buick;LeSabre;1988;3GIU8Y8W
Cadillac;DeVille;1993;WBCQJBDP
GMC;Jimmy;2000;TYNFQUME
Mazda;626;2002;97FIJ369
Hyundai;Santa Fe;2007;WWLC551X
Scion;tC;2005;11DS5N51
Mercedes-Benz;E-Class;2008;09CD1HDV
Mercedes-Benz;GL-Class;2010;T1XHVSU5
Volkswagen;Cabriolet;1995;KGJNHN7F
Ford;Club Wagon;1996;TOG132D5
Land Rover;Range Rover Sport;2012;MJJMGKZ5
Jeep;Patriot;2011;W46FSGV5
Alfa Romeo;164;1992;WAMN09J1
Infiniti;FX;2011;5058CMKR
Nissan;Sentra;2006;C9MMZ6OE
Audi;A8;1999;3VEXBXKI
Oldsmobile;Aurora;2003;QBT2SZNN
Chevrolet;Beretta;1996;ED66ZE57
BMW;530;2001;TKWZ76SM
Lexus;GX;2006;EV7R4PXN
Audi;TT;2001;MY2G5JVU
Chevrolet;Impala SS;1995;QU1YZ1SI
Pontiac;G8;2008;HOGNP99Z
Volkswagen;Eos;2010;Y41XSRN9
Ford;Freestyle;2005;7A0FMQWN
Land Rover;Range Rover Sport;2012;9BWQR9OC
Mitsubishi;Diamante;2002;M95EO14X
Aston Martin;V8 Vantage;2006;H97GRI6W
Dodge;Ram Van 2500;1997;BNTSAEJK
Acura;SLX;1997;VOGU9HKL
Pontiac;Gemini;1987;FDE799MM
Pontiac;Grand Am;1990;XGIMID2P
Dodge;Caliber;2012;A6C03Y0H
Mitsubishi;Diamante;1994;YCJ1QAHA
Chrysler;Sebring;1998;EDHSB779
Acura;TL;2006;LA50EF5R
Pontiac;LeMans;1990;LLDWIKAH
Jaguar;XK Series;2003;UJBH1IAN
Lincoln;Mark VIII;1994;TGKQJCA0
Mercury;Mountaineer;2000;XNFHIN5F
Volvo;960;1992;TCU2ROXM
Ford;Taurus;1995;ZQAC2HQ3
Mercedes-Benz;CLS-Class;2012;HNFMM3GF
Chevrolet;Blazer;1992;EPIL7RVU
Bentley;Azure;2007;RC8GNFEZ
Lincoln;Navigator;2010;SNC55VWU
Volkswagen;Jetta;2011;1ONECMO7
Pontiac;Firefly;1992;Y9SGMNSG
Volkswagen;rio;1998;SZ07D8CH
Saab;9-3;2003;RHD9KBSH
Mazda;626;1998;7Q9U2OIH
Foose;Hemisfear;2007;TUORR6LB
Lexus;RX;2003;TLXKQ5LE
Pontiac;LeMans;1990;KMHEBUNN
Dodge;Ram Van B350;1993;XHSVSW08
Lexus;LX;2009;Y4FC1G9P
MINI;Cooper;2008;QZILBNIJ
Mazda;CX-7;2008;0TYRT947
Chevrolet;Malibu;2011;JG7TQCG6
Geo;Prizm;1997;UN8F08I7
Chrysler;300C;2005;UT2OR525
Volkswagen;Scirocco;1988;PHIRH0H3
Mercedes-Benz;W126;1983;EXOQ8YW5
GMC;Savana 2500;2005;HHRQWX0X
Saab;900;1995;JBYF90Z6
Mercedes-Benz;C-Class;2001;82EWYJG8
Bentley;Continental GT;2012;6NODAF3U
Kia;Amanti;2006;Q83ECSHW
BMW;5 Series;2012;48D2TOBM
Mazda;626;1989;318EH0X1
Aston Martin;DB9;2007;BPMQ2DMS
Infiniti;G;2006;3FORPTXH
Ford;Fiesta;2011;AO2F0DPU
Ford;E-Series;2005;DCC5OJH8
Geo;Metro;1997;2TGWXVZG
Acura;MDX;2011;VLO2GM0J
Dodge;Ram Van 3500;1996;PLJHYS3F
Mercedes-Benz;W201;1993;3TOYESIM
Rolls-Royce;Phantom;2005;3OC8AKCJ
Subaru;Leone;1985;5OF4F5GW
GMC;Savana 1500;2010;TFIQYXJC
Chevrolet;G-Series G30;1994;NIHYBYSS
Ford;F350;1994;1VEBOYUY
Acura;Integra;1996;U07SQ392
Buick;Coachbuilder;1995;VEJCARIQ
Mercedes-Benz;300SL;1992;K89T8PR6
Toyota;Avalon;1996;N7I8PKUT
Chevrolet;Corvette;1984;P7MV9RQZ
Honda;Insight;2005;TUNWP25J
Chevrolet;Lumina;1998;XG0RXGSB
Cadillac;Eldorado;1997;QQ4T11KL
BMW;M3;1995;CXO0G5FH
Kia;Sorento;2012;AUS0XFSH
Plymouth;Grand Voyager;2000;IYK6KNJH
Nissan;Quest;1999;6Z2DXP33
Ford;Taurus;1993;4JW05YFM
Hummer;H3;2008;935W027A
GMC;Sierra 2500;2000;KFXW17ST
Mitsubishi;Mighty Max Macro;1994;FRJGQ85E
Subaru;Justy;1989;84PEF8JA
Volkswagen;New Beetle;2009;UGV9HLQ8
Volkswagen;Golf;1976;2ET3V6RH
Infiniti;G37;2008;H2ER26EB
GMC;Savana 1500;2003;3JNUUDNI
Toyota;Previa;1993;W4CTVZVT
Austin;Mini;1963;GZAIJG07
Eagle;Talon;1991;0EEE9XWU
Ford;Ranger;2005;UR91ZOA8
Pontiac;LeMans;1965;Z9CD746A
Holden;VS Commodore;1997;YIHM7F46
Dodge;Dakota;2009;000O5FB6
Mercedes-Benz;M-Class;2012;4YQX9J20
Jeep;Cherokee;1994;WGPMGH7X
Hyundai;Elantra;2008;OY3HPSYM
Chrysler;LeBaron;1993;MX105SLM
Nissan;Sentra;2004;BUHWER6M
GMC;Terrain;2011;DXLADS48
Dodge;Sprinter;2006;8A3PFYFP
GMC;1500 Club Coupe;1996;PTM7VVBP
Volvo;S40;2004;DKVNDDU5
Maserati;GranTurismo;2012;0K9ZISHC
Nissan;Sentra;2010;TCOB4NMQ
Cadillac;STS;2006;XAWAEDQZ
Honda;CR-V;2012;5AZ7WF9Y
Bentley;Continental Flying Spur;2010;DQR4CMSV
GMC;Yukon XL 1500;2006;XMHZY1Z9
Honda;Element;2009;BU8EZ1SI
Geo;Metro;1997;IVPIY82K
Ford;Taurus;1998;FU0P3ISZ
Suzuki;Kizashi;2010;1E08EV46
Ford;F250;2000;4WXMQ28Y
Lincoln;Continental;1998;G9TM8WCW
Kia;Mohave/Borrego;2009;ZBXGM58R
BMW;745;2003;JTAWE3ED
Mazda;B-Series Plus;1999;2FONGHUJ
Buick;Regal;1995;FJIN7043
Nissan;350Z Roadster;2006;Z5RFE0JY
Mitsubishi;Truck;1988;63905M0M
Toyota;Celica;1996;262VQM61
Mercedes-Benz;GLK-Class;2011;1LILY644
Lexus;SC;2010;3DK6S436
Jeep;Compass;2008;NWBLEF60
Lincoln;Town Car;2001;DCV657FS
Subaru;B9 Tribeca;2006;Q2EC9FZX
Nissan;Sentra;2006;0K05HBAM
Toyota;4Runner;2012;I8A1XS6K
Volvo;960;1995;ZR3XYQXR
Infiniti;G37;2011;GGTQ1UU8
Toyota;Corolla;1996;YVLSHPMM
Lincoln;MKZ;2012;MUYUD4MX
Mercedes-Benz;CL-Class;2007;FCGAPSS5
Dodge;Stratus;2000;13QQYE8E
Cadillac;Escalade;2005;KJ629WI1
Nissan;Xterra;2003;OY5YCNMP
Nissan;Altima;2004;YLAZVVBF
Dodge;Ram Wagon B150;1992;ITX5XDE4
Toyota;Xtra;1995;U2B9ETM9
Chevrolet;Equinox;2009;GEBT17WH
Porsche;928;1994;6HRU67BM
Toyota;Solara;2003;DGXJ0QZ2
GMC;Envoy XUV;2004;SYE0NB02
Chevrolet;Suburban 2500;2002;95WWJQH3
Lincoln;Town Car;2003;RMZWVBKH
Jeep;Patriot;2008;DEW4CLUP
Mitsubishi;Truck;1987;QBBY7Z88
Ford;Th!nk;2002;G3XHUC66
Toyota;FJ Cruiser;2012;J8MYITEF
Honda;Accord;2009;E9INZUX5
Cadillac;Seville;1992;167B3ACB
Lincoln;Aviator;2005;M93AL8UZ
Ford;Bronco II;1990;AI02Z1EL
Pontiac;Grand Prix;1984;8S5YMILY
Buick;Estate;1990;NLRZFS39
Chevrolet;Express 1500;2009;ZP4XY2D2
Acura;RDX;2012;DK8G06H5
Pontiac;1000;1986;KPY5G1M6
Land Rover;Range Rover;2001;5DOANCFN
Toyota;Tacoma;2005;TDD15RO3
GMC;Yukon;2005;50YFENBH
Ford;E150;1984;S6HSYE7G
Hyundai;Sonata;2007;TZQHLKPQ
Mitsubishi;Montero;1992;HPSOPQJC
Nissan;Altima;1996;85TTYARB
Nissan;Altima;1996;G65PL1BK
Mercury;Capri;1984;5M8DPSRM
Oldsmobile;Silhouette;2003;HDWHYY5L
Nissan;Altima;2013;4FH3VS5Z
Honda;Civic;2002;6MR101BS
Buick;Reatta;1988;3FPD2ZZ9
Mercedes-Benz;SL-Class;1988;AAJB7I83
Volvo;V40;2002;6T9H8ESS
Pontiac;G8;2009;VXJIF96K
Mazda;Millenia;1996;E3NG98U5
Hyundai;Sonata;1998;XZEVC4XA
Volkswagen;Routan;2012;NLQ7797C
Chevrolet;Express 3500;1998;2M5Q8GHY
Ford;Expedition EL;2011;BM6JZGM8
Chevrolet;Silverado 1500;2007;MAABFOCH
Chevrolet;Sportvan G30;1992;J8HEXP3I
Buick;Skylark;1997;I2D6BM89
Volkswagen;Phaeton;2005;K4KVGNV3
Ford;Taurus;2007;1GBF8BAP
Chevrolet;Blazer;1992;3BM3PZBJ
BMW;5 Series;2003;74VNTQ1S
Acura;TSX;2008;YOQG03AL
Land Rover;Defender 110;1993;VH7AIYMM
Chevrolet;Suburban;2010;51XAWB9E
Dodge;Stealth;1992;EWN7OIUE
Toyota;Corolla;2010;0B3SR1IP
Chevrolet;Corvette;1970;PQFWLVG5
Lamborghini;Murciélago;2008;QK2DDE1N
Chevrolet;Avalanche 1500;2006;M8AZY3YY
Volkswagen;GTI;1995;FEKB4SKA
Mitsubishi;Mighty Max Macro;1992;SCHJKE0Z
Pontiac;Sunfire;1998;W4BI12K5
Oldsmobile;Intrigue;2002;ELDJ4GVP
Ford;E150;2003;V3IXW5FN
Ford;Focus;2001;YOEDQO20
GMC;Yukon XL 2500;2005;7AU8FVTZ
Oldsmobile;Aurora;1998;IVI8OB6E
Ford;Escort;1989;BSOWI6J3
Suzuki;SX4;2010;4468RZTT
Mazda;Protege;1994;BY0ET52X
Lotus;Esprit;1999;MY6F8JRE
Infiniti;M;1992;1H7OMV5L
Subaru;Brat;1984;EC3OJPBA
Mitsubishi;Pajero;1991;5BZ8BKCG
Chevrolet;Colorado;2006;AVKXGAD0
Mercedes-Benz;S-Class;2001;RKL4Z9K0
GMC;Safari;2004;7736OS4Q
Kia;Sportage;2010;0F8MLD2R
GMC;Safari;1993;WOQPIIAH
Chrysler;Concorde;1994;PDVS1SCE
Honda;Civic;1996;TTNHXK14
Porsche;928;1986;E4BE00P0
Honda;CR-X;1984;YY53JFWW
Chevrolet;2500;1997;BFE82YZH
Jaguar;XK Series;2004;FYI0FMW5
Saturn;Outlook;2008;QSS2TKHL
Pontiac;Bonneville;2001;V5VOMMYX
Ford;Focus;2004;O8KEMEZ1
Pontiac;Trans Sport;1998;KSUR1VXM
Lincoln;MKX;2013;RM7TADIO
Audi;Allroad;2005;JUKLMEJ3
Toyota;Matrix;2009;IM8GC794
Nissan;Maxima;2010;VCO351E3
Ford;Ranger;1989;4GN5XI8W
Infiniti;FX;2004;HDUD3OWF
Pontiac;Firebird;1988;SRFU68A2
Mitsubishi;Mighty Max Macro;1993;3XUQB5XD
Chrysler;Town & Country;1992;2FGI7492
Subaru;Alcyone SVX;1993;ZRN3HVOU
Dodge;Caravan;2000;D4VOLZ5O
Chevrolet;Astro;2004;PQSN2CBP
Dodge;Ram 3500;2006;7L70U4I5
Volvo;S80;1999;KBT7VJRB
Ford;Explorer;2012;T28PXQ7I
Toyota;Tercel;1998;9JCV6INB
Lexus;LS Hybrid;2010;U9OIEXV4
BMW;3 Series;1997;68OWM8MQ
Toyota;RAV4;2006;UIQ698U7
Ford;Bronco;1989;BTC12QD3
Land Rover;Defender 110;1993;02FI32R4
BMW;M3;1997;E8PGQLIP
Ford;Econoline E350;2000;44S937ZZ
Honda;del Sol;1997;451R3VJ4
Kia;Rio;2006;BIBCPOE5
Volkswagen;GTI;2006;CSK1HTGE
Ford;LTD Crown Victoria;1993;OO9HA8DN
Mercedes-Benz;SLK-Class;2004;MKVWSMRD
Mercury;Grand Marquis;1990;7MJKK5RB
Mercedes-Benz;M-Class;2004;9CV26FCC
Geo;Tracker;1997;Y34DAW0F
GMC;Vandura 2500;1992;EDXNA4I4
Buick;LeSabre;1990;PWZ8P76J
Chevrolet;3500;1999;M8PILB98
Volvo;V40;2000;62R3R110
Mercedes-Benz;E-Class;2004;LCWEDFOA
Buick;Skyhawk;1986;L4R8E3BA
Ford;Thunderbird;1995;8VQ4NBEN
Audi;S8;2007;6KBF5VGG
Ford;Laser;1986;82V5N7TJ
Ford;E-Series;1995;UTGHXT0B
Suzuki;SX4;2007;LIWE9N4U
Dodge;Neon;2000;LE9ZS5Z3
Kia;Sedona;2003;ZLMXWISB
Nissan;Xterra;2012;FPHH49R6
Mazda;B-Series;2009;ZET4H1QY
Buick;Century;1985;2M3UOO4A
BMW;6 Series;2004;PURK6Q2C
Acura;TSX;2008;C2LE8P4K
Jeep;Grand Cherokee;2010;AS56QU2N
Plymouth;Acclaim;1993;6EENY0JY
Plymouth;Laser;1989;COX3MXZB
Mitsubishi;Starion;1985;9D9T7ZN3
Chevrolet;Silverado;2008;1I6R63SS
Dodge;Ram 2500;1996;1907GKAG
Chevrolet;Corvette;2004;VM4COLXS
Audi;5000S;1985;VWOZUYK7
Ford;Club Wagon;1993;1ZR1O668
Volkswagen;New Beetle;2002;OVRSCUTT
Lexus;LS;1996;B0YDSL5Z
Ford;Thunderbird;1983;E92HF8ON
Mercury;Mountaineer;2000;R3S3CBMP
Cadillac;Eldorado;1995;IX1PS817
Dodge;Ram Wagon B350;1994;6W5SRB58
BMW;X3;2006;DGRYP6CD
Mercury;Grand Marquis;1996;8VA9WQGF
Mazda;MX-5;2003;FY6H55IG
Ford;Fusion;2012;C0T7E7D6
MINI;Cooper;2003;NT9VSHB4
Ford;Five Hundred;2007;AOHV72D2
Aptera;2e;2009;4L3Y46R8
Chevrolet;G-Series 2500;1998;4H8IZPAK
Chevrolet;Express;2007;5GZ6A6Y5
Jaguar;XJ Series;2003;2G18RQ4J
Acura;NSX;1992;ACC9R2E3
Pontiac;Torrent;2006;HARQQDKM
Kia;Optima;2011;8LZP1UOT
Dodge;Viper RT/10;1993;0TFH2YGC
Hyundai;Equus;2011;UNLL6RN6
Isuzu;Oasis;1998;74AGMU9D
Chrysler;LHS;1994;9EWU4HSS
Lexus;LS;1998;X7DJGEEQ
Lexus;LS;1993;LRCGDZ36
Audi;Q7;2011;TJYTQ675
Mercedes-Benz;300TE;1992;2ZORUWA3
Bentley;Continental GT;2008;U2V2E92P
Hyundai;Accent;1996;Q0AZ1QEZ
Pontiac;LeMans;1991;3IFMS2M5
Toyota;Celica;2002;U2GSNRZF
Mazda;Miata MX-5;2004;2FDOFQBH
Ford;Econoline E250;2001;XRXF3NEB
Jaguar;XJ;2011;5PP8OUWQ
Scion;xB;2011;FOXROJ3J
BMW;3 Series;2005;POVSMGQC
Bentley;Azure;2008;7W66CET0
Land Rover;Freelander;2004;RJYR7NM4
GMC;2500;1994;EAZFOOI8
Mercury;Cougar;1991;JCD7IWQX
BMW;530;2005;92KRXQQ2
Hyundai;Elantra;2010;ZJF6S86U
Mercury;Mariner;2010;VBGF2LNE
GMC;Savana 3500;2008;GQ0ZTBAX
Dodge;Viper;2004;DKQ0HAXE
Ford;Econoline E350;1992;EE08RRVT
GMC;Sierra 3500;2004;93APNA2X
Jensen;Interceptor;1967;76ECSALH
Chevrolet;Camaro;1981;R535NHG9
Cadillac;Escalade;2011;TI1DU0GH
Toyota;T100;1993;A3W67B4M
Volvo;V50;2005;GKK07FFG
Dodge;Monaco;1992;P5Z85SE6
Cadillac;STS;2005;2G2FSK7Y
Nissan;Versa;2007;CBJMH5XJ
Mercedes-Benz;Sprinter 3500;2011;JLOTN3TL
Cadillac;Seville;1998;N503DKUU
Mercedes-Benz;CLS-Class;2006;FCFKECDK
Cadillac;Escalade;1999;LYCC4IHG
Mitsubishi;Galant;1989;EILPFTC8
GMC;Sierra 3500;2000;TB2QOVCH
GMC;Savana 1500;2012;620V9FOZ
Ford;Escort;1997;1XMWKV8W
Mazda;RX-8;2009;JZJ85D3K
Ford;Taurus;2006;I9IZR8UR
Subaru;Outback;2005;EQW0FEZK
Buick;Riviera;1986;5J1TNF61
Nissan;Cube;2012;S9BO85PO
Chevrolet;Express 2500;2007;8GVS6A88
BMW;5 Series;1995;L1SPHBPL
Maserati;Spyder;2002;G1UVTDX4
Porsche;911;2010;LXN1JKF9
Mazda;Protege5;2002;9CPJHTRL
Ford;Ranger;1988;1PI2TS98
Mitsubishi;Raider;2008;Q6AVA4JP
Dodge;Viper;2008;70TF4792
Mercedes-Benz;SLK-Class;1997;DDA88IN5
GMC;Sierra;2010;LNXCMTCY
Dodge;Ram Van 3500;2000;ZK1TM8LI
Nissan;Quest;1998;HY04TFY8
Oldsmobile;Aurora;2003;X2MKBINQ
Infiniti;G;1994;QMTORGB1
Lincoln;Continental;1984;ZKSPDJNG
Chrysler;Pacifica;2007;6YODHCTG
Lexus;ES;1991;ZD1XP78E
Dodge;Dakota;1993;TKP264CL
Scion;xD;2009;AW86K31F
Chrysler;Voyager;2000;TCCQV2R0
Toyota;Echo;2004;5QO8O0XN
Audi;4000s;1985;NQZ9ONKV
Saab;9000;1993;FRE61KRS
Kia;Spectra;2003;IBPJKATM
Lotus;Exige;2007;T5IYUQHG
Chrysler;300;2010;HDO3JDZD
Chrysler;Sebring;2004;GP0JQ77V
Toyota;Land Cruiser;1992;PQHZEYFU
Mitsubishi;Montero;2005;NX9N1Q6V
Dodge;Grand Caravan;2004;TNRN91L6
Pontiac;Grand Am;2002;QVRKNYF6
Chevrolet;Metro;1998;1HNI53LV
Acura;MDX;2004;30HKQD8H
Mazda;Mazdaspeed 3;2010;8E74WX4T
Audi;Cabriolet;1996;17JW8LPY
Cadillac;Fleetwood;1954;G4PUCXHB
Chevrolet;Colorado;2006;GQGJL8W8
GMC;Jimmy;2000;C2HB2ZJE
Toyota;RAV4;2006;RRV1SKHS
Nissan;Altima;2000;HFUJLEB4
Lincoln;Continental;1997;I07MULHE
Spyker;C8 Double 12 S;2006;7X847H1H
Subaru;Justy;1993;5BA94KFB
Ford;F350;1992;0VE2J6P4
Ford;F250;1997;4F38ALQT
GMC;Savana 2500;2001;EU31YL14
Chevrolet;Corvette;1956;G86ZLDZ5
Ford;E-Series;2006;YRN54S18
Ford;Mustang;1983;XURC6NLK
Ford;Model T;1909;V5GBBC24
Geo;Metro;1992;EY8AOKQS
Pontiac;Grand Am;1987;J28B38IA
Cadillac;XLR-V;2008;QZW79DAD
Ford;E-Series;2005;ZKRXHZOO
Hyundai;Elantra;1997;2D47KG70
GMC;Yukon XL 1500;2007;WY4UEV82
Kia;Borrego;2009;K8CKCTO2
Toyota;4Runner;2007;26N95IG2
Ford;Escape;2004;02Y0PNOW
Ford;Mustang;1970;SSBK4RV1
Toyota;Celica;1999;4PDGVYFL
Volvo;C70;2008;MAYKGEQY
Suzuki;SJ;1988;IQZSXA2H
Oldsmobile;Ciera;1992;RY8VR317
Buick;LaCrosse;2007;UFELBW7L
Land Rover;Freelander;2010;RILPSPIP
GMC;Savana;2010;JAC3XMC2
Lamborghini;Reventón;2008;J0WT18GS
Ford;E150;2012;C0FR5QXD
Honda;S2000;2007;5G5X33Z0
Saab;9000;1992;D1U0YCWG
Ford;Tempo;1994;IASBRO4A
GMC;Savana 3500;2000;P5UYWPD6
Kia;Soul;2010;PVC5V5SW
Volkswagen;Scirocco;1984;WAWCQ1ZW
Volvo;S80;2002;5TTO68DJ
Isuzu;Trooper;2001;QIWQTYWC
Porsche;911;2011;JRT1KZUB
Kia;Optima;2010;PXPB4TK6
Porsche;911;1995;G7LCCQZM
Scion;xB;2009;7AE2V42W
Mazda;MPV;1998;YJRKHEZF
Mercedes-Benz;500SL;1993;38DEGOE2
Ford;F350;1995;VYV5P4BJ
GMC;Vandura 3500;1993;OQDYMWIK
Land Rover;LR3;2009;P0RSIO8E
Nissan;Quest;2012;GDUUZXYE
Saab;900;1991;AIQQW6CM
Mercury;Topaz;1986;6I56YZYN
Ford;Windstar;2002;EL3RQR3Z
Volkswagen;Cabriolet;1988;T4WAPK90
Subaru;Alcyone SVX;1992;KBPWJZ6T
Suzuki;XL-7;2001;LUPCUQAY
Ram;3500;2012;MDWWFJQN
Geo;Tracker;1992;XLH791D2
Buick;Electra;1984;CK8HRSU0
Jeep;Cherokee;1997;PK9JG95S
Infiniti;G;1999;CAXE95QI
Lamborghini;Murciélago;2008;327IGTNL
Honda;Prelude;1994;V3OULINM
Oldsmobile;LSS;1997;5PJUQ30U
Dodge;D250 Club;1992;X9MB2PVA
Ford;F150;2007;YB75YLGW
Buick;Skylark;1993;7T3U0T9X
Oldsmobile;Bravada;1993;WCZOVZ6F
Mitsubishi;Galant;1998;URNN6U5B
Kia;Spectra;2007;QGYGENRU
Volvo;V40;2003;VXURMRZC
Chevrolet;TrailBlazer;2003;CJN5VIVO
Kia;Sportage;2006;LP2QJS5Q
Subaru;Brat;1984;YFFC3FE5
Suzuki;Esteem;1998;9U26F6C4
Chrysler;300;2008;88ZZ25SB
Lincoln;Mark VIII;1994;B7MB6OP9
Porsche;911;1985;BI2HBYYK
Land Rover;Freelander;2002;23341WNW
GMC;Acadia;2010;23GJJ27M
BMW;7 Series;1998;9L386T6P
Honda;Accord;2009;USLRHMOU
Audi;Quattro;1985;AKIT88HI
GMC;Rally Wagon 2500;1992;3EP09JWE
Land Rover;Range Rover Evoque;2012;R4Y1PPEM
Bentley;Mulsanne;2012;OSDASP4C
Cadillac;Fleetwood;1993;GS6MZ49V
Mercedes-Benz;SLK-Class;2012;6WSECAV3
Porsche;924;1988;8E4T5GM0
Pontiac;Grand Am;1992;FASWGR6G
Subaru;Impreza;2011;CY8YO0GV
Cadillac;XLR;2009;8ZEAN0LU
Toyota;Land Cruiser;2005;0SKEBCRU
Mitsubishi;Pajero;1995;QCYW63JO
Scion;xD;2008;4LGPBCV2
Ram;Dakota;2011;CLIGIPIX
Lincoln;Mark VIII;1993;ZJV08CD3
Ford;Focus;2001;TOJSY6C7
Lincoln;Continental Mark VII;1989;ST4GXRGL
Saab;9000;1998;CVY0ZNUH
Lexus;LX;1998;P19LHFMZ
BMW;M5;2001;T3X48QIG
Buick;Roadmaster;1992;ISY5APPG
Pontiac;Firefly;1995;VOJPBWG1
Kia;Sedona;2008;YJ8I30VT
Lincoln;MKZ;2007;PO7U68LE
Isuzu;Ascender;2009;XOO86A5G
Toyota;Corolla;1997;P9ZRCTQD
Chevrolet;Beretta;1996;ELQMD1PY
GMC;Savana 3500;2006;LNUPBKF2
Nissan;Xterra;2007;LK0MJKKR
Chevrolet;Venture;1998;609HI1PV
Saab;9-7X;2009;SYNWHRRL
GMC;Yukon;1997;5NIE8MN4
Chevrolet;Impala SS;1994;6NYVDP7D
Chevrolet;Monte Carlo;1973;489I5OKF
Volvo;S90;1997;JIE6Z0WO
Aston Martin;Vantage;2011;H041P3EF
Mazda;RX-7;1994;DWVCFU47
Ford;Thunderbird;1996;LZZMUOX2
Oldsmobile;98;1992;ZYGVATX9
Dodge;Intrepid;2001;B72928EY
Ford;E250;2011;EWWUHD92
Mitsubishi;Montero;2003;FUHBFMT1
Oldsmobile;Regency;1998;6APIOK1Z
Lexus;GX;2012;J9E0IZXL
Mazda;Protege;1997;GWTWK4JD
Mazda;Mazda6 Sport;2006;IUJO878X
Mercury;Sable;1988;WJOF7MAT
Lincoln;Aviator;2003;S1E400JH
Honda;Passport;2001;EII85086
Mitsubishi;Pajero;2005;LTH5PH5D
Mercury;Topaz;1984;MSNTQG84
Honda;Civic;1997;8UGCY7V5
Mitsubishi;Chariot;1985;6YER2CUE
Saturn;VUE;2007;AACTOIDT
Ford;Mustang;1964;KB0BN8A8
Saab;900;1992;3UM5I7GT
Cadillac;SRX;2011;VWYNY36D
Audi;S4;2001;O12SM0F7
Ford;Ranger;1993;FCF8R7FP
Ford;Bronco;1985;KCRG5DWH
Ford;Thunderbird;1977;IE1UNN9U
Dodge;Ram 3500;1994;8I274643
Porsche;Cayenne;2003;DTI2Z6L5
Buick;LeSabre;1989;O59TJBBM
Hummer;H3;2010;W6HGFBMN
Honda;Civic;1996;PIYDTP1T
Isuzu;Rodeo;1995;OE4JT2DR
Nissan;Sentra;1993;XIQDCHC8
Ford;Edge;2009;S1FGH7S0
Ford;Taurus;1990;NMJ0T0LG
Mitsubishi;Expo;1992;KUY2HSOI
Mitsubishi;Mighty Max;1993;XGNDDD81
Daewoo;Leganza;2000;YMDA13OT
Saab;9000;1986;RH60YC6M
Nissan;NX;1992;2J3U8XZL
Mitsubishi;Montero;2005;9KGSICFK
Chevrolet;Suburban;2007;1CTWOZY8
Mazda;Miata MX-5;2009;DSL0QJ67
Buick;Century;1989;10HN4M47
Ford;Econoline E150;1997;24PP0IKY
Mitsubishi;Expo;1993;OJWZD1P6
Volvo;S80;2007;7T22E1R4
GMC;Sierra 1500;2006;1ICDX3HA
Plymouth;Neon;1998;1TQBFLHF
Lincoln;Navigator;2010;N3ZJ3Q7X
Mercedes-Benz;R-Class;2009;KE7Z3114
Lamborghini;Countach;1990;B1NP3FYF
Pontiac;Bonneville;1994;XH5W9A3O
Cadillac;Escalade ESV;2011;YU09YAUL
Hyundai;Santa Fe;2009;LHFR972K
BMW;330;2005;CC8TMXDD
Kia;Sportage;2000;X5IGB43S
Bentley;Continental GTC;2010;QCDYDLNE
Ford;GT;2005;FEXS85T5
Ford;LTD Crown Victoria;1993;V2WMU0KF
Jeep;Cherokee;1996;7J8UN10K
Cadillac;Escalade ESV;2009;K7H8R03A
Ford;F250;1994;6RZ25WBQ
GMC;Savana 2500;2001;JIRMQ2BI
Volvo;C30;2012;4JBOBSII
Porsche;911;2006;75ZJAPCB
Dodge;Colt;1993;HER0MR21
Lincoln;Zephyr;2006;POE7JQYB
Mercury;Sable;2002;KIMJCRNP
Oldsmobile;LSS;1997;V98Y5DGD
Honda;Civic;2009;51XJ0SBG
Dodge;Charger;1969;TVNMSP6U
Chrysler;Cirrus;2000;VFBGFRGR
Dodge;Dakota Club;2001;Y6C6ALN4
Hyundai;Sonata;2005;S7SPMGOD
Mitsubishi;Galant;2001;B7VHC4QE
Chrysler;New Yorker;1994;HLJ646LJ
Ford;Contour;1996;P90KRLF5
GMC;Sierra;2012;VI4OH7U0
Dodge;Ram Van 1500;1998;5CF68GQA
Buick;Electra;1989;N7O06LAY
Hyundai;Elantra;2011;ZM0REMUH
Chevrolet;Camaro;1995;JXXUR0OE
Toyota;Solara;2000;3TDELKNB
Mitsubishi;Eclipse;1991;KAVZYY4U
Toyota;Corolla;1993;43UL896E
Porsche;Boxster;2004;WCJ188UG
Honda;S2000;2008;XV2SU0HS
Mercedes-Benz;500SEL;1993;BO64B0KV
Saab;9-5;2000;4KVZW3QA
Lexus;LX;2010;KL7NKRPW
Hyundai;Veracruz;2009;VSW8HS31
BMW;M3;2011;98ZIMFYG
Ford;Taurus;2010;ACMMFJY3
Buick;Regal;2002;KHIZLH26
GMC;Sonoma;1993;9S61HCKC
Jeep;Grand Cherokee;1996;LGTOQ49J
Mazda;B-Series;1989;ZRP8OLGW
Chevrolet;Corvette;2005;57AD6WIF
Toyota;Corolla;1996;3W2FOOD2
Suzuki;Reno;2007;J0KZRR8Z
Pontiac;Sunbird;1992;1QKO51JI
Audi;A5;2010;ZR4AJQ91
Hyundai;Azera;2006;OX4GWLWI
Buick;Coachbuilder;1990;DIORT1HJ
Porsche;944;1988;8Y854TG8
Suzuki;Aerio;2004;4C451UJT
Pontiac;Grand Prix;1983;TMYM1SOL
Ford;E250;2007;CKL4F24A
Infiniti;G;2006;XMSBNZCV
Chrysler;Aspen;2008;XQ0Y6YAU
Chevrolet;Camaro;1975;AGC1MB4Z
Mazda;MX-6;1997;PGJMPOG3
Chevrolet;G-Series G30;1992;KY7G3R7E
Chevrolet;Express 2500;2004;661BVYW5
Subaru;Tribeca;2006;LCQ0PD6G
Mercedes-Benz;SL-Class;1984;PHAU8WI9
BMW;7 Series;2000;QXESPPP5
Chevrolet;Silverado;2008;A9RGDSZP
Toyota;Sequoia;2001;3T8CJOQI
BMW;600;1958;FYZU02QF
Chevrolet;Camaro;1970;3T1JQ5LT
Ford;EXP;1985;ZJXFIWK1
Isuzu;Hombre Space;1999;QE49O3HV
Ford;Explorer Sport Trac;2010;QCA3MOEH
Chevrolet;Corvette;1953;1QGQSB4U
Dodge;Ram Van 2500;1995;YEQRD1KX
Eagle;Vision;1994;J86WKEEQ
Chevrolet;Tahoe;2004;PO3SHZIC
Mitsubishi;GTO;1999;OTNY3XH8
Rolls-Royce;Ghost;2010;NPLQ5DF0
Oldsmobile;Silhouette;1992;I6QH4UK1
Toyota;Camry Solara;2008;Y52GMK5I
Honda;FCX Clarity;2012;9OYIIC26
Volkswagen;New Beetle;2010;QANJX3KO
Volkswagen;GTI;1996;MPL1JI56
Mazda;MX-3;1994;B818I48M
Pontiac;LeMans;1964;GCG3GD1P
Chevrolet;Suburban 2500;1992;GO2DX681
Ford;Windstar;1997;UD406N6J
Chevrolet;2500;1994;B95D14UD
Audi;A8;2004;DSKO2GX7
Suzuki;Kizashi;2012;EOBNZ7FS
Audi;Cabriolet;1997;LKIX7K9P
Honda;Civic;1991;TATVVXBV
Mitsubishi;Mirage;2000;BTHVLMBW
Pontiac;Sunbird;1985;1HPN5KO6
Volvo;V50;2010;UDSMLR8B
Scion;xD;2009;CNAALUVX
Chevrolet;Suburban 1500;1995;XPD0DCKB
GMC;Sonoma Club Coupe;1994;9KPL7F3G
Ford;Fusion;2010;3KMW8W6P
Chevrolet;Tahoe;2004;1R0G1WUP
Honda;Element;2011;A6J0CR2Z
Chevrolet;Colorado;2010;I62BFX2Q
Mitsubishi;Chariot;1995;37TRCMJK
Mitsubishi;Lancer;2011;DQJI0GL5
Pontiac;Firebird;2002;RY439EGB
Cadillac;Escalade;2004;WUMQJLSM
GMC;Savana;2006;8R1SGJY3
Infiniti;JX;2013;JJ12BXMG
Chevrolet;Corvette;1996;107IWK80
Ford;Econoline E250;1999;EIJYUYIM
Dodge;Daytona;1993;0T7PO9EH
GMC;Sierra Denali;2006;USQDTLQ6
Jaguar;XJ Series;2001;IU4ZMOC3
Oldsmobile;Bravada;1993;6UCC7Q6I
BMW;3 Series;2012;FIER8WCQ
Chevrolet;Metro;1999;IGDJHGA2
Pontiac;Sunfire;2001;FNXZF2M0
Lincoln;Aviator;2005;KLWTKGEP
Nissan;Quest;2004;69GRWHQJ
Honda;Civic Si;2006;NAT52DYB
BMW;3 Series;2003;JTLYBEGF
Honda;Civic;2001;02OYUB27
Mercedes-Benz;600SEL;1993;1W4UL2IP
Mazda;B-Series;1998;7YS24LW3
Infiniti;QX;2007;LNAB67AG
Suzuki;Reno;2005;K28QD0LP
Lotus;Esprit;2000;J2HYKCRK
Ford;Transit Connect;2012;3BO3LTLJ
BMW;X3;2012;K4CVDOU6
Suzuki;Swift;1988;FI54D19W
Mercury;Mountaineer;2009;CUWP3HLD
Suzuki;Forenza;2008;Q2O8PEQA
Infiniti;J;1993;AVBPJ6ZK
Isuzu;Oasis;1999;6PTC6CZN
Lincoln;Town Car;1994;7AYSB26E
Ford;Econoline E250;1992;B14BUGP5
Volvo;V50;2009;KN0YVFUU
Volkswagen;New Beetle;1999;9IC11ZVT
Jeep;Wrangler;1993;XWUITLS0
Mercury;Topaz;1984;5NCYWUT3
GMC;Savana 1500;2002;KAQQXE13
Lexus;LX;2001;R5C241XI
Honda;S2000;2001;EYML36W1
Honda;Civic;2008;TYQ4N6G3
Saab;900;1994;GCDQGA5F
Peugeot;207;2007;28Z4RZEL
Maserati;Quattroporte;2012;WKQSZTEB
Cadillac;DTS;2008;KGQMO6JU
Lotus;Evora;2011;FGCS0BTE
Volkswagen;Cabriolet;1995;U6TWHC41
Hyundai;XG350;2002;7ESOSR06
Mercedes-Benz;500E;1993;H6318ON3
Mercedes-Benz;G-Class;2003;Y118JEDU
Ford;Five Hundred;2006;LVPK64RZ
BMW;X5 M;2013;8D9353YF
Jaguar;XJ Series;1997;UMGSRH16
Lincoln;Town Car;1992;NM6KTNXM
Ford;Mustang;1993;6KP534KT
Honda;Odyssey;2002;VJJ7FIUP
Mitsubishi;Mighty Max Macro;1992;7H4TDINJ
GMC;Yukon XL 2500;2002;UTYGRIH0
Toyota;TundraMax;2010;3FS6VTH8
Mercedes-Benz;SLK-Class;1997;NXWL0L2X
Pontiac;Vibe;2003;O4J98XYL
Porsche;928;1995;2B2U6QMO
Bentley;Continental GT;2010;7F2S91VV
Ford;Crown Victoria;2006;YSM7YRS8
Acura;MDX;2012;P1UDF6BS
Toyota;Xtra;1995;D9RY9Q76
Buick;Enclave;2012;RTD7GO5Z
Cadillac;Escalade EXT;2003;2NAVQFN3
Ford;Taurus;1992;CSY8ZPJ4
Hyundai;Equus;2012;WC1YS5UL
Honda;Civic;2006;4H3EM82Q
Subaru;Forester;2000;361ROPZK
Plymouth;Neon;1995;W8POA0JG
Pontiac;Grand Prix;2008;YIWU9YK0
Volvo;S80;2006;6PWF3289
Chrysler;Sebring;2003;COBKHKUN
Honda;CR-V;2007;5BHU06KB
Mercedes-Benz;CLK-Class;1999;KR0ETNEB
Mercury;Mountaineer;2006;JC7Z3UXE
Porsche;944;1986;QRVS9IYX
Chevrolet;Caprice;1977;PXA9CB1Q
Lexus;GS;2010;1TWNJ0E3
Dodge;Grand Caravan;2011;GNEBP71W
Pontiac;1000;1986;1A36QQ0P
Mazda;626;1994;PF0BRIF5
Dodge;Ram 1500 Club;1998;2TDXNOS0
Ford;Freestyle;2005;P86TNW0H
Volvo;V70;2003;GDJC78LA
Oldsmobile;Aurora;2003;4XOEE023
Mercedes-Benz;CLS-Class;2007;J0VAR1BY
Mitsubishi;Lancer Evolution;2004;T7HN2CB3
Mitsubishi;Galant;1992;XCMM7AQT
Audi;80;1990;12I8FRCN
Dodge;Ram 3500;2002;08451Z2V
Daewoo;Nubira;2001;S4OIAE8O
Ford;Taurus;1994;ONRO8PDA
Mercedes-Benz;G-Class;2005;P4A0OSHX
Scion;tC;2009;OCNHFEE4
Volkswagen;Cabriolet;1992;QY9CONXL
Chevrolet;Cobalt SS;2007;L73Z82BD
Volvo;V40;2000;JJ5OM4SP
Mercury;Sable;1988;TWE6C4LL
Chevrolet;Camaro;1975;38V0S3V4
Oldsmobile;88;1996;SGMQLYBV
Ford;Taurus;1996;BO8IVJ62
Ford;Explorer;2010;FZI1Y1D0
Lexus;LX;2003;BAPACP8H
Land Rover;LR3;2009;CW8VPOEJ
Plymouth;Sundance;1992;LK0U9805
Mazda;B2500;2001;N7ABX259
Lexus;IS;2001;80D6VCK8
Volvo;V90;1997;Q7O6QSCU
Lincoln;Continental;1998;UPN7YPKL
Land Rover;Discovery Series II;2001;3K7LTHYR
MINI;MINI;2002;UWY1X9DJ
Maybach;62;2012;QJGG4J5H
Lexus;RX Hybrid;2006;SX9UFOZC
Volkswagen;New Beetle;1998;SZJG5RM5
Mazda;Protege;1998;0NYF44AP
Cadillac;Catera;1998;TPSA2X9H
GMC;Terrain;2011;47EVFU15
Volvo;C70;2004;IPX1F8RI
Aston Martin;Rapide;2010;J3FKJC1C
Pontiac;G8;2009;YFCYWFF8
Chevrolet;Silverado;2008;WN77NH12
GMC;Yukon;2005;9GR70LW5
Isuzu;Hombre;1996;FHU1VA73
